<?xml version="1.0" encoding="UTF-8"?>
<project-private xmlns="http://www.netbeans.org/ns/project-private/1">
    <editor-bookmarks xmlns="http://www.netbeans.org/ns/editor-bookmarks/2" lastBookmarkId="0"/>
    <open-files xmlns="http://www.netbeans.org/ns/projectui-open-files/2">
        <group>
            <file>file:/C:/Users/consultadd/Documents/netbeansfolder/library-management-system/src/java/com/hpt150030/utilities/Constants.java</file>
            <file>file:/C:/Users/consultadd/Documents/netbeansfolder/library-management-system/src/java/com/hpt150030/utilities/DatabaseConnection.java</file>
            <file>file:/C:/Users/consultadd/Documents/netbeansfolder/library-management-system/web/BookLoan.jsp</file>
        </group>
    </open-files>
</project-private>
